"","source","CAS_NO","STD_POLLUTANT_NAME"
"1","ndwr",NA,"1,1,1-Trichloroethane"
"2","ndwr",NA,"1,1,2,2-Tetrachloroethane"
"3","ndwr",NA,"1,1,2-Trichloroethane"
"4","ndwr",NA,"1,1-Dichloroethylene"
"5","ndwr",NA,"1,2,4,5-Tetrachlorobenzene"
"6","ndwr",NA,"1,2,4-Trichlorobenzene"
"7","ndwr",NA,"1,2-Dibromo-3-chloropropane (DBCP)"
"8","ndwr",NA,"1,2-Dichlorobenzene"
"9","ndwr",NA,"1,2-Dichloroethane"
"10","ndwr",NA,"1,2-Dichloropropane"
"11","ndwr",NA,"1,2-Diphenylhydrazine"
"12","ndwr",NA,"1,3-Dichlorobenzene"
"13","ndwr",NA,"1,3-Dichloropropene"
"14","ndwr",NA,"1,4-Dichlorobenzene"
"15","ndwr",NA,"2,3,7,8-TCDD (Dioxin)"
"16","ndwr",NA,"2,4,5-TP (Silvex)"
"17","ndwr",NA,"2,4,5-Trichlorophenol"
"18","ndwr",NA,"2,4,6-Trichlorophenol"
"19","ndwr",NA,"2,4-D"
"20","ndwr",NA,"2,4-Dichlorophenol"
"21","ndwr",NA,"2,4-Dimethylphenol"
"22","ndwr",NA,"2,4-Dinitrophenol"
"23","ndwr",NA,"2,4-Dinitrotoluene"
"24","ndwr",NA,"2-Chloronaphthalene"
"25","ndwr",NA,"2-Chlorophenol"
"26","ndwr",NA,"2-Methyl-4,6-Dinitrophenol"
"27","ndwr",NA,"3,3'-Dichlorobenzidine"
"28","ndwr",NA,"3-Methyl-4-Chlorophenol"
"29","rsl","83-32-9","Acenaphthene"
"30","rsl","30560-19-1","Acephate"
"31","rsl","75-07-0","Acetaldehyde"
"32","rsl","34256-82-1","Acetochlor"
"33","rsl","67-64-1","Acetone"
"34","rsl","75-86-5","Acetone Cyanohydrin"
"35","rsl","75-05-8","Acetonitrile"
"36","rsl","98-86-2","Acetophenone"
"37","rsl","53-96-3","Acetylaminofluorene, 2-"
"38","rsl","107-02-8","Acrolein"
"39","rsl","79-06-1","Acrylamide"
"40","rsl","79-10-7","Acrylic Acid"
"41","rsl","107-13-1","Acrylonitrile"
"42","rsl","111-69-3","Adiponitrile"
"43","nasa",NA,"Ag"
"44","rsl","15972-60-8","Alachlor"
"45","rsl","116-06-3","Aldicarb"
"46","rsl","1646-88-4","Aldicarb Sulfone"
"47","rsl","1646-87-3","Aldicarb sulfoxide"
"48","rsl","309-00-2","Aldrin"
"49","rsl","107-18-6","Allyl Alcohol"
"50","rsl","107-05-1","Allyl Chloride"
"51","ndwr",NA,"Alpha/photon emitters"
"52","rsl","7429-90-5","Aluminum"
"53","livestock",NA,"Aluminum (Al)"
"54","rsl","20859-73-8","Aluminum Phosphide"
"55","rsl","834-12-8","Ametryn"
"56","rsl","92-67-1","Aminobiphenyl, 4-"
"57","rsl","591-27-5","Aminophenol, m-"
"58","rsl","95-55-6","Aminophenol, o-"
"59","rsl","123-30-8","Aminophenol, p-"
"60","rsl","33089-61-1","Amitraz"
"61","rsl","7664-41-7","Ammonia"
"62","rsl","7790-98-9","Ammonium Perchlorate"
"63","rsl","131-74-8","Ammonium Picrate"
"64","rsl","7773-06-0","Ammonium Sulfamate"
"65","rsl","62037-80-3","Ammonium perfluoro-2-methyl-3-oxahexanoate"
"66","rsl","10495-86-0","Ammonium perfluorobutanoate"
"67","rsl","21615-47-4","Ammonium perfluorohexanoate"
"68","rsl","75-85-4","Amyl Alcohol, tert-"
"69","rsl","62-53-3","Aniline"
"70","rsl","120-12-7","Anthracene"
"71","rsl","84-65-1","Anthraquinone, 9,10-"
"72","ndwr",NA,"Antimony"
"73","rsl","7440-36-0","Antimony (metallic)"
"74","rsl","1314-60-9","Antimony Pentoxide"
"75","rsl","1332-81-6","Antimony Tetroxide"
"76","rsl","1309-64-4","Antimony Trioxide"
"77","rsl","12674-11-2","Aroclor 1016"
"78","rsl","11104-28-2","Aroclor 1221"
"79","rsl","11141-16-5","Aroclor 1232"
"80","rsl","53469-21-9","Aroclor 1242"
"81","rsl","12672-29-6","Aroclor 1248"
"82","rsl","11097-69-1","Aroclor 1254"
"83","rsl","11096-82-5","Aroclor 1260"
"84","rsl","11126-42-4","Aroclor 5460"
"85","re",NA,"Arsenic"
"86","livestock",NA,"Arsenic (As)"
"87","rsl","7440-38-2","Arsenic, Inorganic"
"88","rsl","7784-42-1","Arsine"
"89","nasa",NA,"As"
"90","ndwr",NA,"Asbestos"
"91","ndwr",NA,"Asbestos (fibers >10 micrometers)"
"92","rsl","1332-21-4","Asbestos (units in fibers)"
"93","rsl","3337-71-1","Asulam"
"94","rsl","1912-24-9","Atrazine"
"95","rsl","492-80-8","Auramine"
"96","rsl","65195-55-3","Avermectin B1"
"97","rsl","86-50-0","Azinphos-methyl"
"98","rsl","103-33-3","Azobenzene"
"99","rsl","123-77-3","Azodicarbonamide"
"100","re",NA,"BOD"
"101","re",NA,"BOD5"
"102","re",NA,"BOD5 or CBOD5"
"103","nasa",NA,"Ba"
"104","rsl","7440-39-3","Barium"
"105","rsl","1861-40-1","Benfluralin"
"106","rsl","17804-35-2","Benomyl"
"107","rsl","83055-99-6","Bensulfuron-methyl"
"108","rsl","25057-89-0","Bentazon"
"109","rsl","56-55-3","Benz[a]anthracene"
"110","rsl","100-52-7","Benzaldehyde"
"111","rsl","71-43-2","Benzene"
"112","rsl","6369-59-1","Benzenediamine-2-methyl sulfate, 1,4-"
"113","rsl","108-98-5","Benzenethiol"
"114","rsl","92-87-5","Benzidine"
"115","ndwr",NA,"Benzo (a)anthracene"
"116","ndwr",NA,"Benzo (a)pyrene"
"117","ndwr",NA,"Benzo (a)pyrene (PAHs)"
"118","ndwr",NA,"Benzo (b)fluoranthene"
"119","rsl","192-97-2","Benzo (e)pyrene"
"120","rsl","205-82-3","Benzo (j)fluoranthene"
"121","ndwr",NA,"Benzo (k)fluoranthene"
"122","rsl","50-32-8","Benzo[a]pyrene"
"123","rsl","205-99-2","Benzo[b]fluoranthene"
"124","rsl","207-08-9","Benzo[k]fluoranthene"
"125","rsl","65-85-0","Benzoic Acid"
"126","rsl","98-07-7","Benzotrichloride"
"127","rsl","100-51-6","Benzyl Alcohol"
"128","rsl","100-44-7","Benzyl Chloride"
"129","ndwr",NA,"Beryllium"
"130","rsl","7440-41-7","Beryllium and compounds"
"131","ndwr",NA,"Beta photon emitters"
"132","rsl","42576-02-3","Bifenox"
"133","rsl","82657-04-3","Biphenthrin"
"134","rsl","92-52-4","Biphenyl, 1,1'-"
"135","ndwr",NA,"Bis (2-Chloro-1-methylethyl) Ether"
"136","ndwr",NA,"Bis (2-Chloroethyl) Ether"
"137","ndwr",NA,"Bis (2-Ethylhexyl) Phthalate"
"138","rsl","108-60-1","Bis (2-chloro-1-methylethyl) ether"
"139","rsl","111-91-1","Bis (2-chloroethoxy)methane"
"140","rsl","111-44-4","Bis (2-chloroethyl)ether"
"141","rsl","117-81-7","Bis (2-ethylhexyl)phthalate"
"142","ndwr",NA,"Bis (Chloromethyl) Ether"
"143","rsl","542-88-1","Bis (chloromethyl)ether"
"144","rsl","80-05-7","Bisphenol A"
"145","brt",NA,"Boron"
"146","livestock",NA,"Boron (B)"
"147","rsl","7440-42-8","Boron And Borates Only"
"148","rsl","10294-34-5","Boron Trichloride"
"149","rsl","2095581","Boron Trifluoride"
"150","rsl","15541-45-4","Bromate"
"151","rsl","107-04-0","Bromo-2-chloroethane, 1-"
"152","rsl","1073-06-9","Bromo-3-fluorobenzene, 1-"
"153","rsl","460-00-4","Bromo-4-fluorobenzene, 1-"
"154","rsl","79-08-3","Bromoacetic acid"
"155","rsl","108-86-1","Bromobenzene"
"156","rsl","74-97-5","Bromochloromethane"
"157","rsl","75-27-4","Bromodichloromethane"
"158","rsl","75-25-2","Bromoform"
"159","rsl","74-83-9","Bromomethane"
"160","rsl","2104-96-3","Bromophos"
"161","rsl","106-94-5","Bromopropane, 1-"
"162","rsl","1689-84-5","Bromoxynil"
"163","rsl","1689-99-2","Bromoxynil Octanoate"
"164","rsl","106-99-0","Butadiene, 1,3-"
"165","rsl","71-36-3","Butanol, N-"
"166","rsl","75-65-0","Butyl Alcohol, t-"
"167","rsl","85-68-7","Butyl Benzyl Phthalate"
"168","rsl","78-92-2","Butyl alcohol, sec-"
"169","rsl","2008-41-5","Butylate"
"170","rsl","25013-16-5","Butylated hydroxyanisole"
"171","rsl","128-37-0","Butylated hydroxytoluene"
"172","rsl","104-51-8","Butylbenzene, n-"
"173","rsl","135-98-8","Butylbenzene, sec-"
"174","rsl","98-06-6","Butylbenzene, tert-"
"175","ndwr",NA,"Butylbenzyl Phthalate"
"176","rsl","85-70-1","Butylphthalyl Butylglycolate"
"177","re",NA,"CBOD"
"178","re",NA,"CBOD5"
"179","nasa",NA,"Ca"
"180","rsl","75-60-5","Cacodylic Acid"
"181","re",NA,"Cadmium"
"182","livestock",NA,"Cadmium (Cd)"
"183","rsl","7440-43-9","Cadmium (Diet)"
"184","rsl","7440-43-9","Cadmium (Water)"
"185","brt",NA,"Calcium"
"186","rsl","592-01-8","Calcium Cyanide"
"187","rsl","105-60-2","Caprolactam"
"188","rsl","191906","Captafol"
"189","rsl","133-06-2","Captan"
"190","rsl","63-25-2","Carbaryl"
"191","rsl","1563-66-2","Carbofuran"
"192","rsl","75-15-0","Carbon Disulfide"
"193","rsl","56-23-5","Carbon Tetrachloride"
"194","ndwr",NA,"Carbon tetrachloride"
"195","rsl","463-58-1","Carbonyl Sulfide"
"196","rsl","55285-14-8","Carbosulfan"
"197","rsl","5234-68-4","Carboxin"
"198","nasa",NA,"Cd"
"199","rsl","1306-38-3","Ceric oxide"
"200","rsl","302-17-0","Chloral Hydrate"
"201","rsl","133-90-4","Chloramben"
"202","ndwr",NA,"Chloramines (as Cl_{2} )"
"203","rsl","E701235","Chloramines, Organic"
"204","rsl","118-75-2","Chloranil"
"205","ndwr",NA,"Chlordane"
"206","rsl","5103-71-9","Chlordane (alpha)"
"207","rsl","5103-74-2","Chlordane (gamma)"
"208","rsl","12789-03-6","Chlordane (technical mixture)"
"209","rsl","143-50-0","Chlordecone (Kepone)"
"210","rsl","470-90-6","Chlorfenvinphos"
"211","re",NA,"Chloride"
"212","rsl","90982-32-4","Chlorimuron, Ethyl-"
"213","rsl","7782-50-5","Chlorine"
"214","ndwr",NA,"Chlorine (as Cl ) 2"
"215","rsl","10049-04-4","Chlorine Dioxide"
"216","ndwr",NA,"Chlorine dioxide (as ClO ) 2"
"217","ndwr",NA,"Chlorite"
"218","rsl","7758-19-2","Chlorite (Sodium Salt)"
"219","rsl","75-68-3","Chloro-1,1-difluoroethane, 1-"
"220","rsl","126-99-8","Chloro-1,3-butadiene, 2- (Chloroprene)"
"221","rsl","3165-93-3","Chloro-2-methylaniline HCl, 4-"
"222","rsl","95-69-2","Chloro-2-methylaniline, 4-"
"223","rsl","107-20-0","Chloroacetaldehyde, 2-"
"224","rsl","79-11-8","Chloroacetic Acid"
"225","rsl","532-27-4","Chloroacetophenone, 2-"
"226","rsl","106-47-8","Chloroaniline, p-"
"227","rsl","108-90-7","Chlorobenzene"
"228","rsl","98-66-8","Chlorobenzene sulfonic acid, p-"
"229","rsl","510-15-6","Chlorobenzilate"
"230","rsl","74-11-3","Chlorobenzoic Acid, p-"
"231","rsl","98-56-6","Chlorobenzotrifluoride, 4-"
"232","rsl","109-69-3","Chlorobutane, 1-"
"233","ndwr",NA,"Chlorodibromomethane"
"234","rsl","75-45-6","Chlorodifluoromethane"
"235","rsl","107-07-3","Chloroethanol, 2-"
"236","rsl","67-66-3","Chloroform"
"237","rsl","74-87-3","Chloromethane"
"238","rsl","107-30-2","Chloromethyl Methyl Ether"
"239","rsl","91-58-7","Chloronaphthalene, Beta-"
"240","rsl","88-73-3","Chloronitrobenzene, o-"
"241","rsl","100-00-5","Chloronitrobenzene, p-"
"242","rsl","95-57-8","Chlorophenol, 2-"
"243","ndwr",NA,"Chlorophenoxy Herbicide (2,4,5-TP) [Silvex]"
"244","ndwr",NA,"Chlorophenoxy Herbicide (2,4-D)"
"245","rsl","76-06-2","Chloropicrin"
"246","rsl","1897-45-6","Chlorothalonil"
"247","rsl","95-49-8","Chlorotoluene, o-"
"248","rsl","106-43-4","Chlorotoluene, p-"
"249","rsl","54749-90-5","Chlorozotocin"
"250","rsl","101-21-3","Chlorpropham"
"251","rsl","2921-88-2","Chlorpyrifos"
"252","rsl","5598-13-0","Chlorpyrifos Methyl"
"253","rsl","64902-72-3","Chlorsulfuron"
"254","rsl","1861-32-1","Chlorthal-dimethyl"
"255","rsl","60238-56-4","Chlorthiophos"
"256","livestock",NA,"Chromium (Cr)"
"257","ndwr",NA,"Chromium (III)"
"258","rsl","16065-83-1","Chromium (III), Insoluble Salts"
"259","rsl","18540-29-9","Chromium (VI)"
"260","ndwr",NA,"Chromium (total)"
"261","rsl","7440-47-3","Chromium, Total"
"262","rsl","218-01-9","Chrysene"
"263","nasa",NA,"Cl"
"264","rsl","74115-24-5","Clofentezine"
"265","re",NA,"Clostridium perfringens"
"266","rsl","7440-48-4","Cobalt"
"267","livestock",NA,"Cobalt (Co)"
"268","rsl","E649830","Coke Oven Emissions"
"269","re",NA,"Coliphages (type not specified)"
"270","re",NA,"Color"
"271","brt",NA,"Conductivity"
"272","rsl","7440-50-8","Copper"
"273","livestock",NA,"Copper (Cu)"
"274","rsl","544-92-3","Copper Cyanide"
"275","nasa",NA,"Cr"
"276","rsl","108-39-4","Cresol, m-"
"277","rsl","95-48-7","Cresol, o-"
"278","rsl","106-44-5","Cresol, p-"
"279","rsl","59-50-7","Cresol, p-chloro-m-"
"280","rsl","1319-77-3","Cresols"
"281","rsl","123-73-9","Crotonaldehyde, trans-"
"282","ndwr",NA,"Cryptosporidium"
"283","nasa",NA,"Cu"
"284","rsl","98-82-8","Cumene"
"285","rsl","135-20-6","Cupferron"
"286","rsl","21725-46-2","Cyanazine"
"287","ndwr",NA,"Cyanide"
"288","rsl","57-12-5","Cyanide (CN-)"
"289","ndwr",NA,"Cyanide (as free cyanide)"
"290","rsl","460-19-5","Cyanogen"
"291","rsl","506-68-3","Cyanogen Bromide"
"292","rsl","506-77-4","Cyanogen Chloride"
"293","rsl","110-82-7","Cyclohexane"
"294","rsl","87-84-3","Cyclohexane, 1,2,3,4,5-pentabromo-6-chloro-"
"295","rsl","108-94-1","Cyclohexanone"
"296","rsl","110-83-8","Cyclohexene"
"297","rsl","108-91-8","Cyclohexylamine"
"298","rsl","68359-37-5","Cyfluthrin"
"299","ndwr",NA,"Cylindrospermopsin"
"300","rsl","66215-27-8","Cyromazine"
"301","rsl","72-54-8","DDD, p,p`- (DDD)"
"302","rsl","72-55-9","DDE, p,p'-"
"303","rsl","50-29-3","DDT"
"304","re",NA,"DO"
"305","rsl","75-99-0","Dalapon"
"306","rsl","1596-84-5","Daminozide"
"307","rsl","1163-19-5","Decabromodiphenyl ether, 2,2',3,3',4,4',5,5',6,6'- (BDE-209)"
"308","rsl","8065-48-3","Demeton"
"309","ndwr",NA,"Di (2-ethylhexyl) adipate"
"310","ndwr",NA,"Di (2-ethylhexyl) phthalate"
"311","rsl","103-23-1","Di (2-ethylhexyl)adipate"
"312","ndwr",NA,"Di-n-Butyl Phthalate"
"313","rsl","2303-16-4","Diallate"
"314","rsl","333-41-5","Diazinon"
"315","rsl","53-70-3","Dibenz[a,h]anthracene"
"316","rsl","192-65-4","Dibenzo (a,e)pyrene"
"317","ndwr",NA,"Dibenzo (a,h)anthracene"
"318","rsl","132-64-9","Dibenzofuran"
"319","rsl","96-12-8","Dibromo-3-chloropropane, 1,2-"
"320","rsl","631-64-1","Dibromoacetic acid"
"321","rsl","108-36-1","Dibromobenzene, 1,3-"
"322","rsl","106-37-6","Dibromobenzene, 1,4-"
"323","rsl","124-48-1","Dibromochloromethane"
"324","rsl","106-93-4","Dibromoethane, 1,2-"
"325","rsl","74-95-3","Dibromomethane (Methylene Bromide)"
"326","rsl","84-74-2","Dibutyl Phthalate"
"327","rsl","E1790661","Dibutyltin Compounds"
"328","rsl","1918-00-9","Dicamba"
"329","rsl","548115","Dichloramine"
"330","rsl","764-41-0","Dichloro-2-butene, 1,4-"
"331","rsl","1476-11-5","Dichloro-2-butene, cis-1,4-"
"332","rsl","110-57-6","Dichloro-2-butene, trans-1,4-"
"333","rsl","79-43-6","Dichloroacetic Acid"
"334","rsl","95-50-1","Dichlorobenzene, 1,2-"
"335","rsl","106-46-7","Dichlorobenzene, 1,4-"
"336","rsl","91-94-1","Dichlorobenzidine, 3,3'-"
"337","rsl","90-98-2","Dichlorobenzophenone, 4,4'-"
"338","ndwr",NA,"Dichlorobromomethane"
"339","rsl","75-71-8","Dichlorodifluoromethane"
"340","rsl","75-34-3","Dichloroethane, 1,1-"
"341","rsl","107-06-2","Dichloroethane, 1,2-"
"342","rsl","75-35-4","Dichloroethylene, 1,1-"
"343","rsl","156-59-2","Dichloroethylene, cis-1,2-"
"344","rsl","156-60-5","Dichloroethylene, trans-1,2-"
"345","ndwr",NA,"Dichloromethane"
"346","rsl","120-83-2","Dichlorophenol, 2,4-"
"347","rsl","94-75-7","Dichlorophenoxy Acetic Acid, 2,4-"
"348","rsl","78-87-5","Dichloropropane, 1,2-"
"349","rsl","142-28-9","Dichloropropane, 1,3-"
"350","rsl","616-23-9","Dichloropropanol, 2,3-"
"351","rsl","542-75-6","Dichloropropene, 1,3-"
"352","rsl","62-73-7","Dichlorvos"
"353","rsl","141-66-2","Dicrotophos"
"354","rsl","77-73-6","Dicyclopentadiene"
"355","rsl","60-57-1","Dieldrin"
"356","rsl","E17136615","Diesel Engine Exhaust"
"357","rsl","111-42-2","Diethanolamine"
"358","rsl","84-66-2","Diethyl Phthalate"
"359","rsl","112-34-5","Diethylene Glycol Monobutyl Ether"
"360","rsl","111-90-0","Diethylene Glycol Monoethyl Ether"
"361","rsl","617-84-5","Diethylformamide"
"362","rsl","56-53-1","Diethylstilbestrol"
"363","rsl","43222-48-6","Difenzoquat"
"364","rsl","35367-38-5","Diflubenzuron"
"365","rsl","75-37-6","Difluoroethane, 1,1-"
"366","rsl","420-45-1","Difluoropropane, 2,2-"
"367","rsl","94-58-6","Dihydrosafrole"
"368","rsl","108-20-3","Diisopropyl Ether"
"369","rsl","1445-75-6","Diisopropyl Methylphosphonate"
"370","rsl","55290-64-7","Dimethipin"
"371","rsl","60-51-5","Dimethoate"
"372","rsl","119-90-4","Dimethoxybenzidine, 3,3'-"
"373","ndwr",NA,"Dimethyl Phthalate"
"374","rsl","756-79-6","Dimethyl methylphosphonate"
"375","rsl","60-11-7","Dimethylamino azobenzene [p-]"
"376","rsl","21436-96-4","Dimethylaniline HCl, 2,4-"
"377","rsl","95-68-1","Dimethylaniline, 2,4-"
"378","rsl","121-69-7","Dimethylaniline, N,N-"
"379","rsl","57-97-6","Dimethylbenz (a)anthracene, 7,12-"
"380","rsl","119-93-7","Dimethylbenzidine, 3,3'-"
"381","rsl","68-12-2","Dimethylformamide"
"382","rsl","57-14-7","Dimethylhydrazine, 1,1-"
"383","rsl","540-73-8","Dimethylhydrazine, 1,2-"
"384","rsl","105-67-9","Dimethylphenol, 2,4-"
"385","rsl","576-26-1","Dimethylphenol, 2,6-"
"386","rsl","95-65-8","Dimethylphenol, 3,4-"
"387","rsl","120-61-6","Dimethylterephthalate"
"388","rsl","513-37-1","Dimethylvinylchloride"
"389","rsl","534-52-1","Dinitro-o-cresol, 4,6-"
"390","rsl","131-89-5","Dinitro-o-cyclohexyl Phenol, 4,6-"
"391","rsl","618-87-1","Dinitroaniline, 3,5-"
"392","rsl","528-29-0","Dinitrobenzene, 1,2-"
"393","rsl","99-65-0","Dinitrobenzene, 1,3-"
"394","rsl","100-25-4","Dinitrobenzene, 1,4-"
"395","rsl","51-28-5","Dinitrophenol, 2,4-"
"396","ndwr",NA,"Dinitrophenols"
"397","rsl","E1615210","Dinitrotoluene Mixture, 2,4/2,6-"
"398","rsl","121-14-2","Dinitrotoluene, 2,4-"
"399","rsl","606-20-2","Dinitrotoluene, 2,6-"
"400","rsl","35572-78-2","Dinitrotoluene, 2-Amino-4,6-"
"401","rsl","19406-51-0","Dinitrotoluene, 4-Amino-2,6-"
"402","rsl","25321-14-6","Dinitrotoluene, Technical grade"
"403","rsl","88-85-7","Dinoseb"
"404","rsl","123-91-1","Dioxane, 1,4-"
"405","ndwr",NA,"Dioxin (2,3,7,8-TCDD)"
"406","rsl","957-51-7","Diphenamid"
"407","rsl","101-84-8","Diphenyl Ether"
"408","rsl","127-63-9","Diphenyl Sulfone"
"409","rsl","122-39-4","Diphenylamine"
"410","rsl","122-66-7","Diphenylhydrazine, 1,2-"
"411","rsl","2139900","Dipotassium phosphate"
"412","rsl","2764-72-9","Diquat"
"413","rsl","1937-37-7","Direct Black 38"
"414","rsl","2602-46-2","Direct Blue 6"
"415","rsl","16071-86-6","Direct Brown 95"
"416","rsl","7558-79-4","Disodium phosphate"
"417","rsl","298-04-4","Disulfoton"
"418","rsl","505-29-3","Dithiane, 1,4-"
"419","rsl","330-54-1","Diuron"
"420","rsl","197143","Dodine"
"421","re",NA,"E. coli"
"422","re",NA,"EC"
"423","rsl","759-94-4","EPTC"
"424","rsl","115-29-7","Endosulfan"
"425","rsl","1031-07-8","Endosulfan Sulfate"
"426","rsl","145-73-3","Endothall"
"427","rsl","72-20-8","Endrin"
"428","ndwr",NA,"Endrin Aldehyde"
"429","re",NA,"Enteric virus"
"430","re",NA,"Enterococci"
"431","rsl","106-89-8","Epichlorohydrin"
"432","rsl","106-88-7","Epoxybutane, 1,2-"
"433","rsl","111-77-3","Ethanol, 2- (2-methoxyethoxy)-"
"434","rsl","16672-87-0","Ethephon"
"435","rsl","563-12-2","Ethion"
"436","rsl","111-15-9","Ethoxyethanol Acetate, 2-"
"437","rsl","110-80-5","Ethoxyethanol, 2-"
"438","rsl","141-78-6","Ethyl Acetate"
"439","rsl","140-88-5","Ethyl Acrylate"
"440","rsl","75-00-3","Ethyl Chloride (Chloroethane)"
"441","rsl","60-29-7","Ethyl Ether"
"442","rsl","97-63-2","Ethyl Methacrylate"
"443","rsl","637-92-3","Ethyl Tertiary Butyl Ether (ETBE)"
"444","rsl","2104-64-5","Ethyl-p-nitrophenyl Phosphonate"
"445","rsl","100-41-4","Ethylbenzene"
"446","rsl","109-78-4","Ethylene Cyanohydrin"
"447","rsl","107-15-3","Ethylene Diamine"
"448","rsl","107-21-1","Ethylene Glycol"
"449","rsl","111-76-2","Ethylene Glycol Monobutyl Ether"
"450","rsl","75-21-8","Ethylene Oxide"
"451","rsl","96-45-7","Ethylene Thiourea"
"452","ndwr",NA,"Ethylene dibromide"
"453","rsl","151-56-4","Ethyleneimine"
"454","rsl","84-72-0","Ethylphthalyl Ethyl Glycolate"
"455","nasa",NA,"Fe"
"456","re",NA,"Fecal coliform"
"457","ndwr",NA,"Fecal coliform and E. coli"
"458","rsl","22224-92-6","Fenamiphos"
"459","rsl","39515-41-8","Fenpropathrin"
"460","rsl","51630-58-1","Fenvalerate"
"461","rsl","2164-17-2","Fluometuron"
"462","rsl","206-44-0","Fluoranthene"
"463","rsl","86-73-7","Fluorene"
"464","rsl","16984-48-8","Fluoride"
"465","livestock",NA,"Fluoride (F)"
"466","rsl","7782-41-4","Fluorine (Soluble Fluoride)"
"467","rsl","59756-60-4","Fluridone"
"468","rsl","56425-91-3","Flurprimidol"
"469","rsl","85509-19-9","Flusilazole"
"470","rsl","66332-96-5","Flutolanil"
"471","rsl","69409-94-5","Fluvalinate"
"472","ndwr",NA,"Foaming Agents"
"473","rsl","133-07-3","Folpet"
"474","rsl","72178-02-0","Fomesafen"
"475","rsl","944-22-9","Fonofos"
"476","rsl","50-00-0","Formaldehyde"
"477","rsl","64-18-6","Formic Acid"
"478","rsl","39148-24-8","Fosetyl-AL"
"479","rsl","110-00-9","Furan"
"480","rsl","67-45-8","Furazolidone"
"481","rsl","98-01-1","Furfural"
"482","rsl","531-82-8","Furium"
"483","rsl","60568-05-0","Furmecyclox"
"484","ndwr",NA,"Giardia lamblia"
"485","rsl","77182-82-2","Glufosinate, Ammonium"
"486","rsl","111-30-8","Glutaraldehyde"
"487","rsl","765-34-4","Glycidaldehyde"
"488","rsl","1071-83-6","Glyphosate"
"489","rsl","113-00-8","Guanidine"
"490","rsl","50-01-1","Guanidine Chloride"
"491","rsl","506-93-4","Guanidine Nitrate"
"492","ndwr",NA,"Haloacetic acids (HAA5)"
"493","rsl","69806-40-2","Haloxyfop, Methyl"
"494","rsl","76-44-8","Heptachlor"
"495","rsl","1024-57-3","Heptachlor Epoxide"
"496","ndwr",NA,"Heptachlor epoxide"
"497","rsl","39635-31-9","Heptachlorobiphenyl, 2,3,3',4,4',5,5'- (PCB 189)"
"498","rsl","111-71-7","Heptanal, n-"
"499","rsl","142-82-5","Heptane, N-"
"500","rsl","87-82-1","Hexabromobenzene"
"501","rsl","68631-49-2","Hexabromodiphenyl ether, 2,2',4,4',5,5'- (BDE-153)"
"502","ndwr",NA,"Hexachloro-cyclopentadiene"
"503","rsl","118-74-1","Hexachlorobenzene"
"504","rsl","52663-72-6","Hexachlorobiphenyl, 2,3',4,4',5,5'- (PCB 167)"
"505","rsl","69782-90-7","Hexachlorobiphenyl, 2,3,3',4,4',5'- (PCB 157)"
"506","rsl","38380-08-4","Hexachlorobiphenyl, 2,3,3',4,4',5- (PCB 156)"
"507","rsl","32774-16-6","Hexachlorobiphenyl, 3,3',4,4',5,5'- (PCB 169)"
"508","rsl","87-68-3","Hexachlorobutadiene"
"509","ndwr",NA,"Hexachlorocyclohexane (HCH) -Technical"
"510","rsl","319-84-6","Hexachlorocyclohexane, Alpha-"
"511","rsl","319-85-7","Hexachlorocyclohexane, Beta-"
"512","rsl","58-89-9","Hexachlorocyclohexane, Gamma- (Lindane)"
"513","rsl","608-73-1","Hexachlorocyclohexane, Technical"
"514","rsl","77-47-4","Hexachlorocyclopentadiene"
"515","rsl","34465-46-8","Hexachlorodibenzo-p-dioxin, Mixture"
"516","rsl","67-72-1","Hexachloroethane"
"517","rsl","70-30-4","Hexachlorophene"
"518","rsl","13252-13-6","Hexafluoropropylene oxide dimer acid (HFPO-DA)"
"519","rsl","121-82-4","Hexahydro-1,3,5-trinitro-1,3,5-triazine (RDX)"
"520","rsl","822-06-0","Hexamethylene Diisocyanate, 1,6-"
"521","rsl","4035-89-6","Hexamethylene diisocyanate biuret"
"522","rsl","3779-63-3","Hexamethylene diisocyanate isocyanurate"
"523","rsl","680-31-9","Hexamethylphosphoramide"
"524","rsl","E5241997","Hexane, Commercial"
"525","rsl","110-54-3","Hexane, N-"
"526","rsl","124-04-9","Hexanedioic Acid"
"527","rsl","104-76-7","Hexanol, 1-,2-ethyl- (2-Ethyl-1-hexanol)"
"528","rsl","591-78-6","Hexanone, 2-"
"529","rsl","51235-04-2","Hexazinone"
"530","rsl","78587-05-0","Hexythiazox"
"531","nasa",NA,"Hg"
"532","rsl","67485-29-4","Hydramethylnon"
"533","rsl","302-01-2","Hydrazine"
"534","rsl","10034-93-2","Hydrazine Sulfate"
"535","rsl","7647-01-0","Hydrogen Chloride"
"536","rsl","74-90-8","Hydrogen Cyanide"
"537","rsl","7664-39-3","Hydrogen Fluoride"
"538","rsl","2148878","Hydrogen Sulfide"
"539","rsl","123-31-9","Hydroquinone"
"540","nasa",NA,"I"
"541","rsl","35554-44-0","Imazalil"
"542","rsl","81335-37-7","Imazaquin"
"543","rsl","81335-77-5","Imazethapyr"
"544","ndwr",NA,"Indeno (1,2,3-cd)pyrene"
"545","rsl","193-39-5","Indeno[1,2,3-cd]pyrene"
"546","rsl","7553-56-2","Iodine"
"547","rsl","36734-19-7","Iprodione"
"548","rsl","7439-89-6","Iron"
"549","rsl","78-83-1","Isobutyl Alcohol"
"550","rsl","78-59-1","Isophorone"
"551","rsl","33820-53-0","Isopropalin"
"552","rsl","67-63-0","Isopropanol"
"553","rsl","1832-54-8","Isopropyl Methyl Phosphonic Acid"
"554","rsl","82558-50-7","Isoxaben"
"555","rsl","E1737665","JP-7"
"556","nasa",NA,"K"
"557","rsl","77501-63-4","Lactofen"
"558","rsl","78-97-7","Lactonitrile"
"559","rsl","7439-91-0","Lanthanum"
"560","rsl","100587-90-4","Lanthanum Acetate Hydrate"
"561","rsl","10025-84-0","Lanthanum Chloride Heptahydrate"
"562","rsl","10099-58-8","Lanthanum Chloride, Anhydrous"
"563","rsl","10277-43-7","Lanthanum Nitrate Hexahydrate"
"564","re",NA,"Lead"
"565","livestock",NA,"Lead (Pb)"
"566","rsl","7446-27-7","Lead Phosphate"
"567","rsl","301-04-2","Lead acetate"
"568","rsl","7439-92-1","Lead and Compounds"
"569","rsl","1335-32-6","Lead subacetate"
"570","ndwr",NA,"Legionella"
"571","rsl","541-25-3","Lewisite"
"572","ndwr",NA,"Lindane"
"573","rsl","330-55-2","Linuron"
"574","rsl","7439-93-2","Lithium"
"575","rsl","2151713","Lithium Perchlorate"
"576","re",NA,"MBAS"
"577","rsl","94-74-6","MCPA"
"578","rsl","94-81-5","MCPB"
"579","rsl","93-65-2","MCPP"
"580","re",NA,"Magnesium"
"581","rsl","121-75-5","Malathion"
"582","rsl","108-31-6","Maleic Anhydride"
"583","rsl","123-33-1","Maleic Hydrazide"
"584","rsl","109-77-3","Malononitrile"
"585","rsl","2234562","Mancozeb"
"586","rsl","12427-38-2","Maneb"
"587","re",NA,"Manganese"
"588","rsl","7439-96-5","Manganese (Diet)"
"589","rsl","7439-96-5","Manganese (Non-diet)"
"590","rsl","950-10-7","Mephosfolan"
"591","rsl","24307-26-4","Mepiquat Chloride"
"592","rsl","149-30-4","Mercaptobenzothiazole, 2-"
"593","rsl","7487-94-7","Mercuric Chloride (and other Mercury salts)"
"594","brt",NA,"Mercury"
"595","livestock",NA,"Mercury (Hg)"
"596","rsl","7439-97-6","Mercury (elemental)"
"597","ndwr",NA,"Mercury (inorganic)"
"598","rsl","150-50-5","Merphos"
"599","rsl","57837-19-1","Metalaxyl"
"600","rsl","126-98-7","Methacrylonitrile"
"601","rsl","10265-92-6","Methamidophos"
"602","rsl","67-56-1","Methanol"
"603","rsl","950-37-8","Methidathion"
"604","rsl","16752-77-5","Methomyl"
"605","rsl","99-59-2","Methoxy-5-nitroaniline, 2-"
"606","rsl","72-43-5","Methoxychlor"
"607","rsl","110-49-6","Methoxyethanol Acetate, 2-"
"608","rsl","109-86-4","Methoxyethanol, 2-"
"609","rsl","79-20-9","Methyl Acetate"
"610","rsl","96-33-3","Methyl Acrylate"
"611","ndwr",NA,"Methyl Bromide"
"612","rsl","78-93-3","Methyl Ethyl Ketone (2-Butanone)"
"613","rsl","60-34-4","Methyl Hydrazine"
"614","rsl","108-10-1","Methyl Isobutyl Ketone (4-methyl-2-pentanone)"
"615","rsl","624-83-9","Methyl Isocyanate"
"616","rsl","22967-92-6","Methyl Mercury"
"617","rsl","80-62-6","Methyl Methacrylate"
"618","rsl","298-00-0","Methyl Parathion"
"619","rsl","993-13-5","Methyl Phosphonic Acid"
"620","rsl","25013-15-4","Methyl Styrene (Mixed Isomers)"
"621","rsl","66-27-3","Methyl methanesulfonate"
"622","rsl","1634-04-4","Methyl tert-Butyl Ether (MTBE)"
"623","rsl","615-45-2","Methyl-1,4-benzenediamine dihydrochloride, 2-"
"624","rsl","108-11-2","Methyl-2-Pentanol, 4-"
"625","rsl","99-55-8","Methyl-5-Nitroaniline, 2-"
"626","rsl","70-25-7","Methyl-N-nitro-N-nitrosoguanidine, N-"
"627","rsl","636-21-5","Methylaniline Hydrochloride, 2-"
"628","rsl","124-58-3","Methylarsonic acid"
"629","rsl","74612-12-7","Methylbenzene,1-4-diamine monohydrochloride, 2-"
"630","rsl","615-50-9","Methylbenzene-1,4-diamine sulfate, 2-"
"631","rsl","56-49-5","Methylcholanthrene, 3-"
"632","rsl","75-09-2","Methylene Chloride"
"633","rsl","101-14-4","Methylene-bis (2-chloroaniline), 4,4'-"
"634","rsl","101-61-1","Methylene-bis (N,N-dimethyl) Aniline, 4,4'-"
"635","rsl","101-77-9","Methylenebisbenzenamine, 4,4'-"
"636","rsl","101-68-8","Methylenediphenyl Diisocyanate"
"637","ndwr",NA,"Methylmercury"
"638","rsl","90-12-0","Methylnaphthalene, 1-"
"639","rsl","91-57-6","Methylnaphthalene, 2-"
"640","rsl","98-83-9","Methylstyrene, Alpha-"
"641","rsl","51218-45-2","Metolachlor"
"642","rsl","21087-64-9","Metribuzin"
"643","rsl","74223-64-6","Metsulfuron-methyl"
"644","nasa",NA,"Mg"
"645","ndwr",NA,"Microcystins"
"646","rsl","E1790669","Midrange Aliphatic Hydrocarbon Streams"
"647","rsl","8012-95-1","Mineral oils"
"648","rsl","2385-85-5","Mirex"
"649","nasa",NA,"Mn"
"650","rsl","2212-67-1","Molinate"
"651","rsl","7439-98-7","Molybdenum"
"652","rsl","10599-90-3","Monochloramine"
"653","rsl","100-61-8","Monomethylaniline"
"654","rsl","7778-77-0","Monopotassium phosphate"
"655","rsl","7558-80-7","Monosodium phosphate"
"656","rsl","88671-89-0","Myclobutanil"
"657","rsl","74-31-7","N,N'-Diphenyl-1,4-benzenediamine"
"658","ndwr",NA,"N-Nitrosodi-n-Propylamine"
"659","ndwr",NA,"N-Nitrosodimethylamine"
"660","ndwr",NA,"N-Nitrosodiphenylamine"
"661","nasa",NA,"NO3"
"662","rsl","300-76-5","Naled"
"663","rsl","64742-95-6","Naphtha, High Flash Aromatic (HFAN)"
"664","rsl","91-20-3","Naphthalene"
"665","rsl","91-59-8","Naphthylamine, 2-"
"666","rsl","15299-99-7","Napropamide"
"667","nasa",NA,"Ni"
"668","re",NA,"Nickel"
"669","rsl","373-02-4","Nickel Acetate"
"670","rsl","3333-67-3","Nickel Carbonate"
"671","rsl","13463-39-3","Nickel Carbonyl"
"672","rsl","12054-48-7","Nickel Hydroxide"
"673","rsl","1313-99-1","Nickel Oxide"
"674","rsl","E715532","Nickel Refinery Dust"
"675","rsl","7440-02-0","Nickel Soluble Salts"
"676","rsl","12035-72-2","Nickel Subsulfide"
"677","rsl","1271-28-9","Nickelocene"
"678","re","14797-55-8","Nitrate"
"679","ndwr",NA,"Nitrate (measured as Nitrogen)"
"680","rsl","14797-55-8","Nitrate (measured as nitrogen)"
"681","livestock",NA,"Nitrate + Nitrite"
"682","rsl","E701177","Nitrate + Nitrite (measured as nitrogen)"
"683","re",NA,"Nitrate and Nitrite (as N)"
"684","ndwr",NA,"Nitrates"
"685","livestock",NA,"Nitrite"
"686","ndwr",NA,"Nitrite (measured as Nitrogen)"
"687","rsl","14797-65-0","Nitrite (measured as nitrogen)"
"688","rsl","88-74-4","Nitroaniline, 2-"
"689","rsl","100-01-6","Nitroaniline, 4-"
"690","rsl","98-95-3","Nitrobenzene"
"691","rsl","9004-70-0","Nitrocellulose"
"692","rsl","67-20-9","Nitrofurantoin"
"693","rsl","59-87-0","Nitrofurazone"
"694","rsl","55-63-0","Nitroglycerin"
"695","rsl","556-88-7","Nitroguanidine"
"696","rsl","75-52-5","Nitromethane"
"697","rsl","79-46-9","Nitropropane, 2-"
"698","rsl","57835-92-4","Nitropyrene, 4-"
"699","ndwr",NA,"Nitrosamines"
"700","rsl","759-73-9","Nitroso-N-ethylurea, N-"
"701","rsl","684-93-5","Nitroso-N-methylurea, N-"
"702","rsl","924-16-3","Nitroso-di-N-butylamine, N-"
"703","rsl","621-64-7","Nitroso-di-N-propylamine, N-"
"704","ndwr",NA,"Nitrosodibutylamine"
"705","rsl","1116-54-7","Nitrosodiethanolamine, N-"
"706","ndwr",NA,"Nitrosodiethylamine"
"707","rsl","55-18-5","Nitrosodiethylamine, N-"
"708","rsl","62-75-9","Nitrosodimethylamine, N-"
"709","rsl","86-30-6","Nitrosodiphenylamine, N-"
"710","rsl","10595-95-6","Nitrosomethylethylamine, N-"
"711","rsl","59-89-2","Nitrosomorpholine [N-]"
"712","rsl","100-75-4","Nitrosopiperidine [N-]"
"713","ndwr",NA,"Nitrosopyrrolidine"
"714","rsl","930-55-2","Nitrosopyrrolidine, N-"
"715","rsl","99-08-1","Nitrotoluene, m-"
"716","rsl","88-72-2","Nitrotoluene, o-"
"717","rsl","99-99-0","Nitrotoluene, p-"
"718","rsl","111-84-2","Nonane, n-"
"719","rsl","27314-13-2","Norflurazon"
"720","rsl","32536-52-0","Octabromodiphenyl Ether"
"721","rsl","2691-41-0","Octahydro-1,3,5,7-tetranitro-1,3,5,7-tetrazocine (HMX)"
"722","rsl","152-16-9","Octamethylpyrophosphoramide"
"723","rsl","117-84-0","Octyl Phthalate, di-N-"
"724","re",NA,"Odor"
"725","rsl","19044-88-3","Oryzalin"
"726","rsl","19666-30-9","Oxadiazon"
"727","rsl","23135-22-0","Oxamyl"
"728","ndwr",NA,"Oxamyl (Vydate)"
"729","rsl","42874-03-3","Oxyfluorfen"
"730","brt",NA,"PAHs"
"731","rsl","76738-62-0","Paclobutrazol"
"732","rsl","1910-42-5","Paraquat Dichloride"
"733","rsl","56-38-2","Parathion"
"734","nasa",NA,"Pb"
"735","rsl","1114-71-2","Pebulate"
"736","rsl","40487-42-1","Pendimethalin"
"737","rsl","32534-81-9","Pentabromodiphenyl Ether"
"738","rsl","60348-60-9","Pentabromodiphenyl ether, 2,2',4,4',5- (BDE-99)"
"739","rsl","608-93-5","Pentachlorobenzene"
"740","rsl","65510-44-3","Pentachlorobiphenyl, 2',3,4,4',5- (PCB 123)"
"741","rsl","31508-00-6","Pentachlorobiphenyl, 2,3',4,4',5- (PCB 118)"
"742","rsl","32598-14-4","Pentachlorobiphenyl, 2,3,3',4,4'- (PCB 105)"
"743","rsl","74472-37-0","Pentachlorobiphenyl, 2,3,4,4',5- (PCB 114)"
"744","rsl","57465-28-8","Pentachlorobiphenyl, 3,3',4,4',5- (PCB 126)"
"745","rsl","76-01-7","Pentachloroethane"
"746","rsl","82-68-8","Pentachloronitrobenzene"
"747","rsl","87-86-5","Pentachlorophenol"
"748","rsl","78-11-5","Pentaerythritol tetranitrate (PETN)"
"749","rsl","10159-46-3","Pentamethylphosphoramide (PMPA)"
"750","rsl","109-66-0","Pentane, n-"
"751","rsl","14797-73-0","Perchlorate and Perchlorate Salts"
"752","rsl","45187-15-3","Perfluorobutanesulfonate"
"753","rsl","375-73-5","Perfluorobutanesulfonic acid (PFBS)"
"754","rsl","45048-62-2","Perfluorobutanoate"
"755","rsl","375-22-4","Perfluorobutanoic acid (PFBA)"
"756","rsl","108427-53-8","Perfluorohexanesulfonate"
"757","rsl","355-46-4","Perfluorohexanesulfonic acid (PFHxS)"
"758","rsl","92612-52-7","Perfluorohexanoate"
"759","rsl","307-24-4","Perfluorohexanoic acid (PFHxA)"
"760","rsl","72007-68-2","Perfluorononanoate"
"761","rsl","375-95-1","Perfluorononanoic acid (PFNA)"
"762","rsl","45298-90-6","Perfluorooctanesulfonate"
"763","rsl","1763-23-1","Perfluorooctanesulfonic acid (PFOS)"
"764","rsl","45285-51-6","Perfluorooctanoate"
"765","rsl","335-67-1","Perfluorooctanoic acid (PFOA)"
"766","rsl","52645-53-1","Permethrin"
"767","rsl","198-55-0","Perylene"
"768","rsl","62-44-2","Phenacetin"
"769","rsl","13684-63-4","Phenmedipham"
"770","rsl","108-95-2","Phenol"
"771","rsl","114-26-1","Phenol, 2- (1-methylethoxy)-, methylcarbamate"
"772","rsl","92-84-2","Phenothiazine"
"773","rsl","103-72-0","Phenyl Isothiocyanate"
"774","rsl","108-45-2","Phenylenediamine, m-"
"775","rsl","95-54-5","Phenylenediamine, o-"
"776","rsl","106-50-3","Phenylenediamine, p-"
"777","rsl","62-38-4","Phenylmercuric Acetate"
"778","rsl","90-43-7","Phenylphenol, 2-"
"779","rsl","298-02-2","Phorate"
"780","rsl","75-44-5","Phosgene"
"781","rsl","732-11-6","Phosmet"
"782","livestock",NA,"Phosphate"
"783","rsl","7803-51-2","Phosphine"
"784","rsl","7664-38-2","Phosphoric Acid"
"785","rsl","7723-14-0","Phosphorus, White"
"786","rsl","100-21-0","Phthalic Acid, p-"
"787","rsl","85-44-9","Phthalic Anhydride"
"788","rsl","6607","Picloram"
"789","rsl","96-91-3","Picramic Acid (2-Amino-4,6-dinitrophenol)"
"790","rsl","88-89-1","Picric Acid (2,4,6-Trinitrophenol)"
"791","rsl","29232-93-7","Pirimiphos, Methyl"
"792","rsl","36355-01-8","Polybrominated Biphenyls"
"793","ndwr",NA,"Polychlorinated Biphenyls (PCBs)"
"794","rsl","1336-36-3","Polychlorinated Biphenyls (high risk)"
"795","rsl","1336-36-3","Polychlorinated Biphenyls (low risk)"
"796","rsl","1336-36-3","Polychlorinated Biphenyls (lowest risk)"
"797","re",NA,"Polychlorinated biphenyls"
"798","ndwr",NA,"Polychlorinated biphenyls (PCBs)"
"799","rsl","9016-87-9","Polymeric Methylene Diphenyl Diisocyanate (PMDI)"
"800","rsl","8017-16-1","Polyphosphoric acid"
"801","brt",NA,"Potassium"
"802","rsl","151-50-8","Potassium Cyanide"
"803","rsl","7778-74-7","Potassium Perchlorate"
"804","rsl","506-61-6","Potassium Silver Cyanide"
"805","rsl","2966-54-3","Potassium heptafluorobutanoate"
"806","rsl","29420-49-3","Potassium perfluorobutanesulfonate"
"807","rsl","2795-39-3","Potassium perfluorooctanesulfonate"
"808","rsl",NA,"Potassium salts of inorganic phosphates"
"809","rsl","13845-36-8","Potassium tripolyphosphate"
"810","rsl","67747-09-5","Prochloraz"
"811","rsl","26399-36-0","Profluralin"
"812","rsl","1610-18-0","Prometon"
"813","rsl","7287-19-6","Prometryn"
"814","rsl","23950-58-5","Pronamide"
"815","rsl","1918-16-7","Propachlor"
"816","rsl","709-98-8","Propanil"
"817","rsl","2312-35-8","Propargite"
"818","rsl","107-19-7","Propargyl Alcohol"
"819","rsl","139-40-2","Propazine"
"820","rsl","122-42-9","Propham"
"821","rsl","60207-90-1","Propiconazole"
"822","rsl","123-38-6","Propionaldehyde"
"823","rsl","103-65-1","Propyl benzene"
"824","rsl","115-07-1","Propylene"
"825","rsl","57-55-6","Propylene Glycol"
"826","rsl","6423-43-4","Propylene Glycol Dinitrate"
"827","rsl","107-98-2","Propylene Glycol Monomethyl Ether"
"828","rsl","75-56-9","Propylene Oxide"
"829","re",NA,"Protozoan Cysts"
"830","rsl","129-00-0","Pyrene"
"831","rsl","110-86-1","Pyridine"
"832","rsl","13593-03-8","Quinalphos"
"833","rsl","91-22-5","Quinoline"
"834","rsl","76578-14-8","Quizalofop-ethyl"
"835","ndwr",NA,"Radium 226 and Radium 228 (combined)"
"836","rsl","E715557","Refractory Ceramic Fibers (units in fibers)"
"837","rsl","10453-86-8","Resmethrin"
"838","rsl","299-84-3","Ronnel"
"839","rsl","83-79-4","Rotenone"
"840","re",NA,"SAR"
"841","rsl","94-59-7","Safrole"
"842","brt",NA,"Salt/Salinity"
"843","nasa",NA,"Se"
"844","rsl","7783-00-8","Selenious Acid"
"845","rsl","7782-49-2","Selenium"
"846","livestock",NA,"Selenium (Se)"
"847","rsl","7446-34-6","Selenium Sulfide"
"848","rsl","74051-80-2","Sethoxydim"
"849","rsl","7631-86-9","Silica (crystalline, respirable)"
"850","rsl","7440-22-4","Silver"
"851","rsl","506-64-9","Silver Cyanide"
"852","rsl","122-34-9","Simazine"
"853","brt",NA,"Sodium"
"854","rsl","62476-59-9","Sodium Acifluorfen"
"855","brt",NA,"Sodium Adsorption Ratio (SAR)"
"856","rsl","26628-22-8","Sodium Azide"
"857","brt",NA,"Sodium Chloride"
"858","rsl","143-33-9","Sodium Cyanide"
"859","rsl","148-18-5","Sodium Diethyldithiocarbamate"
"860","rsl","7681-49-4","Sodium Fluoride"
"861","rsl","62-74-8","Sodium Fluoroacetate"
"862","rsl","13718-26-8","Sodium Metavanadate"
"863","rsl","7601-89-0","Sodium Perchlorate"
"864","rsl","13472-45-2","Sodium Tungstate"
"865","rsl","10213-10-2","Sodium Tungstate Dihydrate"
"866","rsl","7758-16-9","Sodium acid pyrophosphate"
"867","rsl","10124-56-8","Sodium hexametaphosphate"
"868","rsl","2218-54-4","Sodium perfluorobutanoate"
"869","rsl","2923-26-4","Sodium perfluorohexanoate"
"870","rsl","68915-31-1","Sodium polyphosphate"
"871","rsl",NA,"Sodium salts of inorganic phosphates"
"872","rsl","7785-84-4","Sodium trimetaphosphate"
"873","rsl","7758-29-4","Sodium tripolyphosphate"
"874","ndwr",NA,"Solids Dissolved and Salinity"
"875","livestock",NA,"Soluble salt"
"876","rsl","961-11-5","Stirofos (Tetrachlorovinphos)"
"877","brt",NA,"Strontium"
"878","rsl","7440-24-6","Strontium, Stable"
"879","rsl","57-24-9","Strychnine"
"880","rsl","100-42-5","Styrene"
"881","rsl","57964-39-3","Styrene-Acrylonitrile (SAN) Trimer (THNA isomer)"
"882","rsl","57964-40-6","Styrene-Acrylonitrile (SAN) Trimer (THNP isomer)"
"883","re",NA,"Sulfate"
"884","rsl","126-33-0","Sulfolane"
"885","rsl","80-07-9","Sulfonylbis (4-chlorobenzene), 1,1'-"
"886","rsl","2025949","Sulfur Trioxide"
"887","rsl","7664-93-9","Sulfuric Acid"
"888","rsl","140-57-8","Sulfurous acid, 2-chloroethyl 2-[4- (1,1-dimethylethyl)phenoxy]-1-methylethyl ester"
"889","rsl","1746-01-6","TCDD, 2,3,7,8-"
"890","rsl","21564-17-0","TCMTB"
"891","re",NA,"TDS"
"892","re",NA,"TIN"
"893","re",NA,"TKN"
"894","re",NA,"TN"
"895","re",NA,"TOC"
"896","re",NA,"TOG"
"897","re",NA,"TOX"
"898","re",NA,"TP"
"899","re",NA,"TSS"
"900","rsl","34014-18-1","Tebuthiuron"
"901","rsl","3383-96-8","Temephos"
"902","rsl","5902-51-2","Terbacil"
"903","rsl","13071-79-9","Terbufos"
"904","rsl","886-50-0","Terbutryn"
"905","rsl","540-88-5","Tert-Butyl Acetate"
"906","rsl","5436-43-1","Tetrabromodiphenyl ether, 2,2',4,4'- (BDE-47)"
"907","rsl","95-94-3","Tetrachlorobenzene, 1,2,4,5-"
"908","rsl","32598-13-3","Tetrachlorobiphenyl, 3,3',4,4'- (PCB 77)"
"909","rsl","70362-50-4","Tetrachlorobiphenyl, 3,4,4',5- (PCB 81)"
"910","rsl","630-20-6","Tetrachloroethane, 1,1,1,2-"
"911","rsl","79-34-5","Tetrachloroethane, 1,1,2,2-"
"912","rsl","127-18-4","Tetrachloroethylene"
"913","rsl","58-90-2","Tetrachlorophenol, 2,3,4,6-"
"914","rsl","5216-25-1","Tetrachlorotoluene, p- alpha, alpha, alpha-"
"915","rsl","3689-24-5","Tetraethyl Dithiopyrophosphate"
"916","rsl","78-00-2","Tetraethyl Lead"
"917","rsl","811-97-2","Tetrafluoroethane, 1,1,1,2-"
"918","rsl","109-99-9","Tetrahydrofuran"
"919","rsl","16853-36-4","Tetramethylphosphoramide, -N,N,N',N"" (TMPA)"
"920","rsl","7320-34-5","Tetrapotassium phosphate"
"921","rsl","7722-88-5","Tetrasodium pyrophosphate"
"922","rsl","479-45-8","Tetryl (Trinitrophenylmethylnitramine)"
"923","rsl","1314-32-5","Thallic Oxide"
"924","ndwr",NA,"Thallium"
"925","rsl","10102-45-1","Thallium (I) Nitrate"
"926","rsl","7440-28-0","Thallium (Soluble Salts)"
"927","rsl","563-68-8","Thallium Acetate"
"928","rsl","6533-73-9","Thallium Carbonate"
"929","rsl","7791-12-0","Thallium Chloride"
"930","rsl","12039-52-0","Thallium Selenite"
"931","rsl","7446-18-6","Thallium Sulfate"
"932","rsl","79277-27-3","Thifensulfuron-methyl"
"933","rsl","28249-77-6","Thiobencarb"
"934","rsl","E1790665","Thiocyanates"
"935","rsl","463-56-9","Thiocyanic Acid"
"936","rsl","111-48-8","Thiodiglycol"
"937","rsl","39196-18-4","Thiofanox"
"938","rsl","23564-05-8","Thiophanate, Methyl"
"939","rsl","137-26-8","Thiram"
"940","rsl","7440-31-5","Tin"
"941","rsl","7550-45-0","Titanium Tetrachloride"
"942","rsl","108-88-3","Toluene"
"943","rsl","584-84-9","Toluene-2,4-diisocyanate"
"944","rsl","95-70-5","Toluene-2,5-diamine"
"945","rsl","91-08-7","Toluene-2,6-diisocyanate"
"946","rsl","2687-25-4","Toluenediamine, 2,3-"
"947","rsl","496-72-0","Toluenediamine, 3,4-"
"948","rsl","99-94-5","Toluic Acid, p-"
"949","rsl","95-53-4","Toluidine, o- (Methylaniline, 2-)"
"950","rsl","106-49-0","Toluidine, p-"
"951","ndwr",NA,"Total Coliforms"
"952","brt",NA,"Total Dissolved Solids"
"953","rsl","E1790670","Total Petroleum Hydrocarbons (Aliphatic High)"
"954","rsl","E1790666","Total Petroleum Hydrocarbons (Aliphatic Low)"
"955","rsl","E1790668","Total Petroleum Hydrocarbons (Aliphatic Medium)"
"956","rsl","E1790676","Total Petroleum Hydrocarbons (Aromatic High)"
"957","rsl","E1790674","Total Petroleum Hydrocarbons (Aromatic Medium)"
"958","ndwr",NA,"Total Trihalomethanes (TTHMs)"
"959","re",NA,"Total coliform"
"960","rsl","8001-35-2","Toxaphene"
"961","rsl","E1841606","Toxaphene, Weathered"
"962","rsl","66841-25-6","Tralomethrin"
"963","ndwr",NA,"Trans-1,2-Dichloroethylene"
"964","rsl","688-73-3","Tri-n-butyltin"
"965","rsl","102-76-1","Triacetin"
"966","rsl","43121-43-3","Triadimefon"
"967","rsl","2303-17-5","Triallate"
"968","rsl","82097-50-5","Triasulfuron"
"969","rsl","101200-48-0","Tribenuron-methyl"
"970","rsl","615-54-3","Tribromobenzene, 1,2,4-"
"971","rsl","118-79-6","Tribromophenol, 2,4,6-"
"972","rsl","78-48-8","Tribufos"
"973","rsl","126-73-8","Tributyl Phosphate"
"974","rsl","E1790679","Tributyltin Compounds"
"975","rsl","56-35-9","Tributyltin Oxide"
"976","rsl","10025-85-1","Trichloramine"
"977","rsl","76-13-1","Trichloro-1,2,2-trifluoroethane, 1,1,2-"
"978","rsl","76-03-9","Trichloroacetic Acid"
"979","rsl","33663-50-2","Trichloroaniline HCl, 2,4,6-"
"980","rsl","634-93-5","Trichloroaniline, 2,4,6-"
"981","rsl","87-61-6","Trichlorobenzene, 1,2,3-"
"982","rsl","120-82-1","Trichlorobenzene, 1,2,4-"
"983","rsl","71-55-6","Trichloroethane, 1,1,1-"
"984","rsl","79-00-5","Trichloroethane, 1,1,2-"
"985","rsl","79-01-6","Trichloroethylene"
"986","rsl","75-69-4","Trichlorofluoromethane"
"987","rsl","95-95-4","Trichlorophenol, 2,4,5-"
"988","rsl","88-06-2","Trichlorophenol, 2,4,6-"
"989","rsl","93-76-5","Trichlorophenoxyacetic Acid, 2,4,5-"
"990","rsl","93-72-1","Trichlorophenoxypropionic acid, -2,4,5"
"991","rsl","598-77-6","Trichloropropane, 1,1,2-"
"992","rsl","96-18-4","Trichloropropane, 1,2,3-"
"993","rsl","96-19-5","Trichloropropene, 1,2,3-"
"994","rsl","1330-78-5","Tricresyl Phosphate (TCP)"
"995","rsl","58138-08-2","Tridiphane"
"996","rsl","121-44-8","Triethylamine"
"997","rsl","112-27-6","Triethylene Glycol"
"998","rsl","420-46-2","Trifluoroethane, 1,1,1-"
"999","rsl","1582-09-8","Trifluralin"
"1000","rsl","512-56-1","Trimethyl Phosphate"
"1001","rsl","526-73-8","Trimethylbenzene, 1,2,3-"
"1002","rsl","95-63-6","Trimethylbenzene, 1,2,4-"
"1003","rsl","108-67-8","Trimethylbenzene, 1,3,5-"
"1004","rsl","25167-70-8","Trimethylpentene, 2,4,4-"
"1005","rsl","99-35-4","Trinitrobenzene, 1,3,5-"
"1006","rsl","118-96-7","Trinitrotoluene, 2,4,6-"
"1007","rsl","791-28-6","Triphenylphosphine Oxide"
"1008","rsl","7778-53-2","Tripotassium phosphate"
"1009","rsl","13674-87-8","Tris (1,3-Dichloro-2-propyl) Phosphate"
"1010","rsl","13674-84-5","Tris (1-chloro-2-propyl)phosphate"
"1011","rsl","126-72-7","Tris (2,3-dibromopropyl)phosphate"
"1012","rsl","115-96-8","Tris (2-chloroethyl)phosphate"
"1013","rsl","78-42-2","Tris (2-ethylhexyl)phosphate"
"1014","rsl","7601-54-9","Trisodium phosphate"
"1015","rsl","7440-33-7","Tungsten"
"1016","re",NA,"Turbidity"
"1017","rsl","7440-61-1","Uranium"
"1018","rsl","51-79-6","Urethane"
"1019","rsl","1314-62-1","Vanadium Pentoxide"
"1020","rsl","7440-62-2","Vanadium and Compounds"
"1021","rsl","1929-77-7","Vernolate"
"1022","rsl","50471-44-8","Vinclozolin"
"1023","rsl","108-05-4","Vinyl Acetate"
"1024","rsl","593-60-2","Vinyl Bromide"
"1025","rsl","75-01-4","Vinyl Chloride"
"1026","ndwr",NA,"Vinyl chloride"
"1027","ndwr",NA,"Viruses (enteric)"
"1028","rsl","81-81-2","Warfarin"
"1029","brt",NA,"Xylene"
"1030","rsl","108-38-3","Xylene, m-"
"1031","rsl","95-47-6","Xylene, o-"
"1032","rsl","106-42-3","Xylene, p-"
"1033","rsl","1330-20-7","Xylenes"
"1034","ndwr",NA,"Xylenes (total)"
"1035","re",NA,"Zinc"
"1036","rsl","557-21-1","Zinc Cyanide"
"1037","rsl","1314-84-7","Zinc Phosphide"
"1038","rsl","7440-66-6","Zinc and Compounds"
"1039","rsl","12122-67-7","Zineb"
"1040","rsl","7440-67-7","Zirconium"
"1041","nasa",NA,"Zn"
"1042","livestock",NA,"alkalinity"
"1043","ndwr",NA,"alpha-Endosulfan"
"1044","ndwr",NA,"alpha-Hexachlorocyclohexane (HCH)"
"1045","nasa",NA,"ammonia"
"1046","nasa",NA,"anaerobes"
"1047","nasa",NA,"bacteria"
"1048","ndwr",NA,"beta-Endosulfan"
"1049","ndwr",NA,"beta-Hexachlorocyclohexane (HCH)"
"1050","ndwr",NA,"cis-1,2-Dichloroethylene"
"1051","nasa",NA,"coliform"
"1052","livestock",NA,"fecal coliform"
"1053","livestock",NA,"fecal strep"
"1054","ndwr",NA,"gamma-Hexachlorocyclohexane (HCH) [Lindane]"
"1055","ndwr",NA,"o-Dichlorobenzene"
"1056","ndwr",NA,"p,p′-Dichlorodiphenyldichloroethane (DDD)"
"1057","ndwr",NA,"p,p′-Dichlorodiphenyldichloroethylene (DDE)"
"1058","ndwr",NA,"p,p′-Dichlorodiphenyltrichloroethane (DDT)"
"1059","ndwr",NA,"p-Dichlorobenzene"
"1060","re",NA,"pH"
"1061","nasa",NA,"sulpate"
"1062","nasa",NA,"sulphide"
"1063","ndwr",NA,"trans-1,2, Dichloroethylene"
"1064","nasa",NA,"virus"
"1065","nasa",NA,"yeasts & moulds"
